{
    "$schema": "https://json.schemastore.org/foundryvtt-module-manifest.json",
    "id": "my-homebrew",
    "title": "My Homebrew",
    "description": "A collection of my homebrew content.",
    "version": "1.2.0",
    "authors": [
        {
            "name": "Cyrus Leung",
            "discord": "darklight#8335",
            "url": "https://github.com/DarkLight1337"
        }
    ],
    "compatibility": {
        "minimum": "11",
        "verified": "11.315"
    },
    "relationships": {
        "systems": [
            {
                "id": "dnd5e",
                "type": "system",
                "manifest": "https://raw.githubusercontent.com/foundryvtt/dnd5e/master/system.json",
                "compatibility": {
                    "minimum": "3.0.3",
                    "verified": "3.0.3"
                }
            }
        ],
        "requires": [
            {
                "id": "midi-qol",
                "type": "module",
                "manifest": "https://gitlab.com/tposney/midi-qol/raw/v11/package/module.json",
                "compatibility": {
                    "minimum": "11.4",
                    "verified": "11.4.7"
                }
            },
            {
                "id": "dae",
                "type": "module",
                "manifest": "https://gitlab.com/tposney/dae/raw/v11/package/module.json",
                "compatibility": {
                    "minimum": "11.3",
                    "verified": "11.3.10"
                }
            },
            {
                "id": "times-up",
                "type": "module",
                "manifest": "https://gitlab.com/tposney/times-up/raw/v11/package/module.json",
                "compatibility": {
                    "minimum": "11.3",
                    "verified": "11.3.5"
                }
            },
            {
                "id": "ActiveAuras",
                "type": "module",
                "manifest": "https://github.com/kandashi/Active-Auras/releases/latest/download/module.json",
                "compatibility": {
                    "minimum": "0.9.6",
                    "verified": "0.9.7"
                }
            },
            {
                "id": "itemacro",
                "type": "module",
                "manifest": "https://github.com/Foundry-Workshop/Item-Macro/releases/latest/download/module.json",
                "compatibility": {
                    "minimum": "1.11",
                    "verified": "1.11.1"
                }
            }
        ]
    },
    "esmodules": [
        "src/index.mjs"
    ],
    "packs": [
        {
            "name": "my-homebrew",
            "label": "My Homebrew",
            "path": "./packs/my-homebrew",
            "type": "Item",
            "system": "dnd5e"
        }
    ],
    "url": "https://github.com/DarkLight1337/my-homebrew",
    "manifest": "https://raw.githubusercontent.com/DarkLight1337/my-homebrew/master/dist/module.json",
    "download": "https://raw.githubusercontent.com/DarkLight1337/my-homebrew/master/dist/module.zip"
}